"","country","treatment","mean_value_gini","lower_ninety_percent_ci_gini","upper_ninety_percent_ci_gini","mean_value_theil","lower_ninety_percent_ci_theil","upper_ninety_percent_ci_theil"
"1",1,"effort",0.323987163749443,0.309677995448086,0.33795714037215,0.175811255798487,0.15974241046838,0.190599701852513
"2",1,"luck",0.312674499475563,0.29793663441776,0.330243229573152,0.162978499128823,0.148934558861017,0.180796237057685
"3",2,"effort",0.365497786922707,0.34699339852833,0.383581623160225,0.221466236476893,0.199032214364244,0.243896502538965
"4",2,"luck",0.341690137752062,0.331486619738767,0.354548629322503,0.193892078654136,0.182499557495698,0.209208210440743
"5",3,"effort",0.35696707539837,0.34083315101088,0.368020746269215,0.212119590867289,0.194655649711218,0.22407096785634
"6",3,"luck",0.349093389909835,0.33191776671473,0.371505495380123,0.203359729812473,0.18403708999979,0.229408417035737
"7",4,"effort",0.368421176667004,0.350454706045432,0.38547199821987,0.224228603531251,0.202996121522287,0.244957483792094
"8",4,"luck",0.332283157073462,0.319720449434119,0.347958068868881,0.183405624946329,0.170417730144325,0.199629857575399
